<?xml version="1.0" encoding="utf-8"?>
<beans xmlns="http://www.springframework.org/schema/beans"
       xmlns:xsi="http://www.w3.org/2001/XMLSchema-instance"
       xmlns:util="http://www.springframework.org/schema/util"
       xmlns:context="http://www.springframework.org/schema/context"
       xmlns:aop="http://www.springframework.org/schema/aop"
       xmlns:tx="http://www.springframework.org/schema/tx"
       xmlns:p="http://www.springframework.org/schema/p"
       xmlns:security="http://www.springframework.org/schema/security"
       xsi:schemaLocation="
       http://www.springframework.org/schema/beans 
       http://www.springframework.org/schema/beans/spring-beans-2.0.xsd
       http://www.springframework.org/schema/util 
       http://www.springframework.org/schema/util/spring-util-2.0.xsd
       http://www.springframework.org/schema/context
       classpath:spring-context-2.1.xsd
       http://www.springframework.org/schema/tx
       http://www.springframework.org/schema/tx/spring-tx.xsd
       http://www.springframework.org/schema/aop
       http://www.springframework.org/schema/aop/spring-aop-2.0.xsd
       http://www.springframework.org/schema/security
       http://www.springframework.org/schema/security/spring-security-2.0.xsd">
       <!-- Used by JAAP,DBConnection -->
<bean id="client-authentication" class="java.util.Properties">
<constructor-arg>
<props>
<prop key="URL">http://localhost:8080/cme</prop>
<prop key="login">online</prop>
<prop key="username">admin</prop>
<prop key="password">census</prop>
</props>
</constructor-arg>
</bean>

<bean id="dataSource" class="org.apache.commons.dbcp.BasicDataSource" destroy-method="close">
<property name="driverClassName" value="com.mysql.jdbc.Driver" />
<property name="url" value="jdbc:mysql://localhost:3306/cme" />
<property name="username" value="root" />
<property name="password" value="password" />
<property name="md5" value="enable" />
</bean>

</beans>
